{"a":{"0":0.1824172324,"1":-0.358455791,"2":-2.2267808674,"3":0.8813362646,"4":0.9973674222,"5":1.0564454453,"6":0.555814613,"7":0.9670098466,"8":1.5974886202,"9":1.2824313479},"b":{"0":-2.9424993165,"1":1.7655238839,"2":2.9567304292,"3":-0.8496636262,"4":0.9604219051,"5":0.2543780251,"6":-0.6084339903,"7":-0.9734614947,"8":-0.0617747089,"9":1.4069028293}}